Workbook

Sheet Study Program
A1: Study Program atau Program Studi
A2: Kode Program Studi | B2: Keterangan/Deskripsi* | C2: Fakultas | D2: Visi | E2: Misi | F2: Tujuan
A3: IK101 | B3: Ilmu Komputer | C3: Fakultas Ilmu Komputer | D3: Menjadi program studi unggulan dalam bidang ilmu komputer yang menghasilkan lulusan berkualitas | E3: 1. Menyelenggarakan pendidikan berkualitas di bidang ilmu komputer. 2. Melakukan penelitian yang inovatif. 3. Mengabdi kepada masyarakat melalui penerapan ilmu komputer. | F3: 1. Menghasilkan lulusan yang kompeten di bidang ilmu komputer. 2. Mengembangkan penelitian yang berkontribusi pada ilmu komputer. 3. Berperan aktif dalam pengabdian masyarakat.
A4: SI102 | B4: Sistem Informasi | C4: Fakultas Ilmu Komputer | D4: Menjadi program studi terdepan dalam pengembangan dan penerapan sistem informasi | E4: 1. Menyediakan pendidikan berkualitas tinggi di bidang sistem informasi. 2. Melakukan penelitian untuk pengembangan sistem informasi. 3. Memberikan kontribusi nyata melalui pengabdian kepada masyarakat. | F4: 1. Menghasilkan lulusan yang ahli dalam sistem informasi. 2. Mengembangkan penelitian untuk kemajuan teknologi sistem informasi. 3. Meningkatkan kesejahteraan masyarakat melalui sistem informasi.

Sheet Curriculum
A1: Curriculum atau Kurikulum
A2: Kode Kurikulum | B2: Milik Program Studi | C2: deskripsi*
A3: IK2024 | B3: IK101 | C3: Kurikulum Ilmu Komputer 2024 berfokus pada pengembangan keterampilan pemrograman, algoritma, struktur data, kecerdasan buatan, serta teknologi terbaru dalam bidang komputer.
A4: SI2024 | B4: SI102 | C4: Kurikulum Sistem Informasi 2024 dirancang untuk menghasilkan lulusan yang mampu mengelola dan mengembangkan sistem informasi, mencakup manajemen data, analisis sistem, dan implementasi teknologi informasi.

Sheet Program Educational Objective
A1: Program Educational Objective (PEO) atau Profil Lulusan (PL)
A2: Kode PL | B2: Milik Kurikulum | C2: Keterangan/Deskripsi* | D2: KKNI Pengetahuan | E2: KKNI Kemampuan Kerja | F2: KKNI Wewenang dan Tanggung Jawab | G2: SNDikti SIkap | H2: SNDikti Pengatahuan | I2: SNDikti Keterampilan Umum | J2: SNDikti Keterampilan Khusus
A3: PL001 | B3: IK2024 | C3: Lulusan mampu mengembangkan perangkat lunak dengan algoritma yang efisien dan tepat guna | D3: Mampu mengaplikasikan bidang keahliannya dan memanfaatkan IPTEKS pada bidangnya dalam penyelesaian masalah serta mampu beradaptasi terhadap situasi yang dihadapi. | E3: Mampu menguasai konsep teoritis bidang pengetahuan tertentu secara umum dan konsep teoritis bagian khusus dalam bidang pengetahuan tersebut secara mendalam. | F3: Bertanggung jawab pada pekerjaan sendiri dan dapat diberi tanggung jawab atas pencapaian hasil kerja organisasi. | G3: Mampu menerapkan pemikiran logis, kritis, sistematis, dan inovatif dalam konteks pengembangan atau implementasi ilmu pengetahuan dan teknologi. | H3: Mampu menunjukkan kinerja mandiri, bermutu, dan terukur. | I3: Mampu mengkaji implikasi pengembangan atau implementasi ilmu pengetahuan teknologi yang memperhatikan dan menerapkan nilai humaniora. | J3: Mampu menyusun deskripsi saintifik hasil kajian dalam bentuk skripsi atau laporan tugas akhir.
A4: PL002 | B4: IK2024 | C4: Lulusan mampu melakukan analisis data besar dan menghasilkan informasi yang relevan | D4: Menguasai konsep teoritis bidang pengetahuan tertentu secara umum dan konsep teoritis bagian khusus dalam bidang pengetahuan tersebut secara mendalam. | E4: Mampu memformulasikan penyelesaian masalah prosedural. | F4: Mampu mengambil keputusan yang tepat berdasarkan analisis informasi dan data, dan mampu memberikan petunjuk dalam memilih berbagai alternatif solusi secara mandiri dan kelompok. | G4: Mampu menunjukkan kinerja mandiri, bermutu, dan terukur. | H4: Mampu menerapkan pemikiran logis, kritis, sistematis, dan inovatif dalam konteks pengembangan atau implementasi ilmu pengetahuan. | I4: Mampu mengkaji implikasi pengembangan atau implementasi ilmu pengetahuan teknologi yang memperhatikan dan menerapkan nilai humaniora. | J4: Mampu mengambil keputusan secara tepat dalam konteks penyelesaian masalah di bidang keahliannya.
A5: PL003 | B5: IK2024 | C5: Lulusan memiliki kemampuan dalam bidang kecerdasan buatan dan machine learning | D5: Mampu menguasai konsep teoritis bidang pengetahuan tertentu secara umum dan konsep teoritis bagian khusus dalam bidang pengetahuan tersebut secara mendalam. | E5: Mampu mengaplikasikan bidang keahliannya dan memanfaatkan IPTEKS pada bidangnya dalam penyelesaian masalah serta mampu beradaptasi terhadap situasi yang dihadapi. | F5: Bertanggung jawab pada pekerjaan sendiri dan dapat diberi tanggung jawab atas pencapaian hasil kerja organisasi. | G5: Mampu menerapkan pemikiran logis, kritis, sistematis, dan inovatif dalam konteks pengembangan atau implementasi ilmu pengetahuan dan teknologi. | H5: Mampu menunjukkan kinerja mandiri, bermutu, dan terukur. | I5: Mampu menyusun deskripsi saintifik hasil kajian dalam bentuk skripsi atau laporan tugas akhir. | J5: Mampu mengambil keputusan secara tepat dalam konteks penyelesaian masalah di bidang keahliannya.
A6: PL004 | B6: SI2024 | C6: Lulusan mampu merancang dan mengelola sistem informasi yang kompleks di berbagai organisasi | D6: Mampu mengaplikasikan bidang keahliannya dan memanfaatkan IPTEKS pada bidangnya dalam penyelesaian masalah serta mampu beradaptasi terhadap situasi yang dihadapi. | E6: Mampu memformulasikan penyelesaian masalah prosedural. | F6: Mampu mengambil keputusan yang tepat berdasarkan analisis informasi dan data, dan mampu memberikan petunjuk dalam memilih berbagai alternatif solusi secara mandiri dan kelompok. | G6: Mampu menunjukkan kinerja mandiri, bermutu, dan terukur. | H6: Mampu mengkaji implikasi pengembangan atau implementasi ilmu pengetahuan teknologi yang memperhatikan dan menerapkan nilai humaniora. | I6: Mampu menyusun deskripsi saintifik hasil kajian dalam bentuk skripsi atau laporan tugas akhir. | J6: Mampu mengambil keputusan secara tepat dalam konteks penyelesaian masalah di bidang keahliannya.
A7: PL005 | B7: SI2024 | C7: Lulusan memiliki kompetensi dalam analisis dan desain sistem informasi yang efektif dan efisien | D7: Menguasai konsep teoritis bidang pengetahuan tertentu secara umum dan konsep teoritis bagian khusus dalam bidang pengetahuan tersebut secara mendalam. | E7: Mampu memformulasikan penyelesaian masalah prosedural. | F7: Mampu mengaplikasikan bidang keahliannya dan memanfaatkan IPTEKS pada bidangnya dalam penyelesaian masalah serta mampu beradaptasi terhadap situasi yang dihadapi. | G7: Mampu menunjukkan kinerja mandiri, bermutu, dan terukur. | H7: Mampu menyusun deskripsi saintifik hasil kajian dalam bentuk skripsi atau laporan tugas akhir. | I7: Mampu mengambil keputusan secara tepat dalam konteks penyelesaian masalah di bidang keahliannya. | J7: Mampu memelihara dan mengembangkan jaringan kerja dengan pembimbing, kolega, sejawat baik di dalam maupun di luar lembaganya.
A8: PL006 | B8: SI2024 | C8: Lulusan dapat mengintegrasikan berbagai teknologi informasi untuk meningkatkan efisiensi operasional | D8: Mampu mengaplikasikan bidang keahliannya dan memanfaatkan IPTEKS pada bidangnya dalam penyelesaian masalah serta mampu beradaptasi terhadap situasi yang dihadapi. | E8: Mampu memformulasikan penyelesaian masalah prosedural. | F8: Mampu mengambil keputusan yang tepat berdasarkan analisis informasi dan data, dan mampu memberikan petunjuk dalam memilih berbagai alternatif solusi secara mandiri dan kelompok. | G8: Mampu menunjukkan kinerja mandiri, bermutu, dan terukur. | H8: Mampu menyusun deskripsi saintifik hasil kajian dalam bentuk skripsi atau laporan tugas akhir. | I8: Mampu mengambil keputusan secara tepat dalam konteks penyelesaian masalah di bidang keahliannya. | J8: Mampu bertanggungjawab atas pencapaian hasil kerja kelompok dan melakukan supervise dan evaluasi terhadap penyelesaian pekerjaan.

Sheet Learning Domain
A1: Label
A2: remember (C1) | B2: C1_Remember
A3: understand (C2) | B3: C2_Understand
A4: apply (C3) | B4: C3_Apply
A5: analyse (C4) | B5: C4_Analyse
A6: evaluate (C5) | B6: C5_Evaluate
A7: create (C6) | B7: C6_Create
A8: perceive (A1) | B8: A1_Perceive
A9: react (A2) | B9: A2_React
A10: conform (A3) | B10: A3_Conform
A11: validate (A4) | B11: A4_Validate
A12: affective judge (A5) | B12: A5_Affective_Judge
A13: affective create (A6) | B13: A6_Affective_Create
... A19: psychomotor create (P6) | B19: P6_Psychomotor_Create

Sheet Knowledge Category
A1: Label
A2: Factual | B2: Factual
A3: Conceptual | B3: Conceptual
A4: Procedural | B4: Procedural
A5: Metacognitive | B5: Meta_Cognitive

Sheet Program Learning Outcome
A1: Program Learning Outcome (PLO) atau Capaian Pembelajaran Lulusan (CPL)
A2: Kode CPL | B2: Deskripsi* | C2: KKNI Pengetahuan | D2: KKNI Kemampuan Kerja | E2: KKNI Wewenang dan Tanggung Jawab | F2: SNDikti SIkap | G2: SNDikti Pengatahuan | H2: SNDikti Keterampilan Umum | I2: SNDikti Keterampilan Khusus
A3: CPL001 | B3: Mampu menerapkan pemikiran logis, kritis, sistematis, dan inovatif dalam pengembangan ilmu pengetahuan | C3: Mampu menguasai konsep teoritis bidang pengetahuan tertentu secara umum dan konsep teoritis bagian khusus dalam bidang pengetahuan tersebut. | D3: Mampu mengaplikasikan bidang keahliannya dan memanfaatkan IPTEKS pada bidangnya dalam penyelesaian masalah serta mampu beradaptasi. | E3: Bertanggung jawab pada pekerjaan sendiri dan dapat diberi tanggung jawab atas pencapaian hasil kerja organisasi. | F3: Mampu menunjukkan kinerja mandiri, bermutu, dan terukur. | G3: Mampu mengkaji implikasi pengembangan atau implementasi ilmu pengetahuan teknologi yang memperhatikan dan menerapkan nilai humaniora. | H3: Mampu menyusun deskripsi saintifik hasil kajian dalam bentuk skripsi atau laporan tugas akhir. | I3: Mampu mengambil keputusan secara tepat dalam konteks penyelesaian masalah di bidang keahliannya.
A4: CPL002 | B4: Mampu mengembangkan perangkat lunak dengan algoritma yang efisien dan tepat guna | C4: Mampu menguasai konsep teoritis bagian khusus dalam bidang pengetahuan tertentu secara mendalam. | D4: Mampu memformulasikan penyelesaian masalah prosedural. | E4: Mampu mengambil keputusan yang tepat berdasarkan analisis informasi dan data, dan mampu memberikan petunjuk dalam memilih berbagai alternatif solusi. | F4: Mampu bertanggungjawab atas pencapaian hasil kerja kelompok dan melakukan supervise dan evaluasi terhadap penyelesaian pekerjaan. | G4: Mampu mengkaji implikasi pengembangan atau implementasi ilmu pengetahuan teknologi yang memperhatikan dan menerapkan nilai humaniora. | H4: Mampu menyusun deskripsi saintifik hasil kajian dalam bentuk skripsi atau laporan tugas akhir. | I4: Mampu memelihara dan mengembangkan jaringan kerja dengan pembimbing, kolega, sejawat baik di dalam maupun di luar lembaganya.
A5: CPL003 | B5: Mampu melakukan analisis data besar dan menghasilkan informasi yang relevan | C5: Menguasai konsep teoritis bidang pengetahuan tertentu secara umum. | D5: Mampu mengaplikasikan bidang keahliannya dan memanfaatkan IPTEKS pada bidangnya dalam penyelesaian masalah serta mampu beradaptasi. | E5: Bertanggung jawab pada pekerjaan sendiri dan dapat diberi tanggung jawab atas pencapaian hasil kerja organisasi. | F5: Mampu menunjukkan kinerja mandiri, bermutu, dan terukur. | G5: Mampu menyusun deskripsi saintifik hasil kajian dalam bentuk skripsi atau laporan tugas akhir. | H5: Mampu mengambil keputusan secara tepat dalam konteks penyelesaian masalah di bidang keahliannya. | I5: Mampu bertanggungjawab atas pencapaian hasil kerja kelompok dan melakukan supervise dan evaluasi terhadap penyelesaian pekerjaan.
A6: CPL004 | B6: Mampu merancang dan mengelola sistem informasi yang kompleks di berbagai organisasi | C6: Mampu menguasai konsep teoritis bagian khusus dalam bidang pengetahuan tertentu secara mendalam. | D6: Mampu memformulasikan penyelesaian masalah prosedural. | E6: Mampu mengambil keputusan yang tepat berdasarkan analisis informasi dan data, dan mampu memberikan petunjuk dalam memilih berbagai alternatif solusi. | F6: Mampu menunjukkan kinerja mandiri, bermutu, dan terukur. | G6: Mampu mengkaji implikasi pengembangan atau implementasi ilmu pengetahuan teknologi yang memperhatikan dan menerapkan nilai humaniora. | H6: Mampu menyusun deskripsi saintifik hasil kajian dalam bentuk skripsi atau laporan tugas akhir. | I6: Mampu memelihara dan mengembangkan jaringan kerja dengan pembimbing, kolega, sejawat baik di dalam maupun di luar lembaganya.
A7: CPL005 | B7: Mampu mengintegrasikan berbagai teknologi informasi untuk meningkatkan efisiensi operasional | C7: Mampu menguasai konsep teoritis bagian khusus dalam bidang pengetahuan tertentu secara mendalam. | D7: Mampu mengaplikasikan bidang keahliannya dan memanfaatkan IPTEKS pada bidangnya dalam penyelesaian masalah serta mampu beradaptasi. | E7: Bertanggung jawab pada pekerjaan sendiri dan dapat diberi tanggung jawab atas pencapaian hasil kerja organisasi. | F7: Mampu menunjukkan kinerja mandiri, bermutu, dan terukur. | G7: Mampu menyusun deskripsi saintifik hasil kajian dalam bentuk skripsi atau laporan tugas akhir. | H7: Mampu mengambil keputusan secara tepat dalam konteks penyelesaian masalah di bidang keahliannya. | I7: Mampu bertanggungjawab atas pencapaian hasil kerja kelompok dan melakukan supervise dan evaluasi terhadap penyelesaian pekerjaan.
A8: CPL006 | B8: Mampu melakukan pengembangan dan inovasi teknologi dalam bidang kecerdasan buatan | C8: Menguasai konsep teoritis bidang pengetahuan tertentu secara umum. | D8: Mampu memformulasikan penyelesaian masalah prosedural. | E8: Mampu mengambil keputusan yang tepat berdasarkan analisis informasi dan data, dan mampu memberikan petunjuk dalam memilih berbagai alternatif solusi. | F8: Mampu menunjukkan kinerja mandiri, bermutu, dan terukur. | G8: Mampu mengkaji implikasi pengembangan atau implementasi ilmu pengetahuan teknologi yang memperhatikan dan menerapkan nilai humaniora. | H8: Mampu menyusun deskripsi saintifik hasil kajian dalam bentuk skripsi atau laporan tugas akhir. | I8: Mampu memelihara dan mengembangkan jaringan kerja dengan pembimbing, kolega, sejawat baik di dalam maupun di luar lembaganya.
A9: CPL007 | B9: Mampu mengembangkan sistem keamanan informasi yang andal | C9: Menguasai konsep teoritis bagian khusus dalam bidang pengetahuan tertentu secara mendalam. | D9: Mampu mengaplikasikan bidang keahliannya dan memanfaatkan IPTEKS pada bidangnya dalam penyelesaian masalah serta mampu beradaptasi. | E9: Bertanggung jawab pada pekerjaan sendiri dan dapat diberi tanggung jawab atas pencapaian hasil kerja organisasi. | F9: Mampu menunjukkan kinerja mandiri, bermutu, dan terukur. | G9: Mampu mengkaji implikasi pengembangan atau implementasi ilmu pengetahuan teknologi yang memperhatikan dan menerapkan nilai humaniora. | H9: Mampu menyusun deskripsi saintifik hasil kajian dalam bentuk skripsi atau laporan tugas akhir. | I9: Mampu mengambil keputusan secara tepat dalam konteks penyelesaian masalah di bidang keahliannya.
A10: CPL008 | B10: Mampu melakukan evaluasi dan perbaikan berkelanjutan dalam pengembangan perangkat lunak | C10: Mampu menguasai konsep teoritis bidang pengetahuan tertentu secara umum. | D10: Mampu memformulasikan penyelesaian masalah prosedural. | E10: Mampu mengambil keputusan yang tepat berdasarkan analisis informasi dan data, dan mampu memberikan petunjuk dalam memilih berbagai alternatif solusi. | F10: Mampu menunjukkan kinerja mandiri, bermutu, dan terukur. | G10: Mampu mengkaji implikasi pengembangan atau implementasi ilmu pengetahuan teknologi yang memperhatikan dan menerapkan nilai humaniora. | H10: Mampu menyusun deskripsi saintifik hasil kajian dalam bentuk skripsi atau laporan tugas akhir. | I10: Mampu memelihara dan mengembangkan jaringan kerja dengan pembimbing, kolega, sejawat baik di dalam maupun di luar lembaganya.

Sheet Padanan PLO dengan PEO
A1: Note: Perbanyak cell checkbox sesuai kebutuhan
A2: *DO NOT CHANGE | B2: {=INDEX('Program Educational Objective'!$A$3:$A$35, COLUMN()-1)} -> PL001 | C2: {=INDEX('Program Educational Objective'!$A$3:$A$35, COLUMN()-1)} -> PL002 | D2: {=INDEX('Program Educational Objective'!$A$3:$A$35, COLUMN()-1)} -> PL003 | E2: {=INDEX('Program Educational Objective'!$A$3:$A$35, COLUMN()-1)} -> PL004 | F2: {=INDEX('Program Educational Objective'!$A$3:$A$35, COLUMN()-1)} -> PL005 | G2: {=INDEX('Program Educational Objective'!$A$3:$A$35, COLUMN()-1)} -> PL006 | H2: {=INDEX('Program Educational Objective'!$A$3:$A$35, COLUMN()-1)} | I2: {=INDEX('Program Educational Objective'!$A$3:$A$35, COLUMN()-1)} | ... V2: {=INDEX('Program Educational Objective'!$A$3:$A$35, COLUMN()-1)}
A3: ='Program Learning Outcome'!A3 -> CPL001 | B3: FALSE | C3: TRUE | D3: TRUE | E3: FALSE | F3: FALSE | G3: FALSE | H3: FALSE | I3: FALSE
A4: ='Program Learning Outcome'!A4 -> CPL002 | B4: FALSE | C4: FALSE | D4: TRUE | E4: TRUE | F4: FALSE | G4: FALSE | H4: FALSE | I4: FALSE
A5: ='Program Learning Outcome'!A5 -> CPL003 | B5: FALSE | C5: FALSE | D5: FALSE | E5: TRUE | F5: TRUE | G5: FALSE | H5: FALSE | I5: FALSE
A6: ='Program Learning Outcome'!A6 -> CPL004 | B6: FALSE | C6: FALSE | D6: FALSE | E6: FALSE | F6: TRUE | G6: TRUE | H6: FALSE | I6: FALSE
A7: ='Program Learning Outcome'!A7 -> CPL005 | B7: TRUE | C7: FALSE | D7: FALSE | E7: FALSE | F7: TRUE | G7: TRUE | H7: FALSE | I7: FALSE
A8: ='Program Learning Outcome'!A8 -> CPL006 | B8: TRUE | C8: FALSE | D8: TRUE | E8: FALSE | F8: FALSE | G8: FALSE | H8: FALSE | I8: FALSE
A9: ='Program Learning Outcome'!A9 -> CPL007 | B9: TRUE | C9: TRUE | D9: FALSE | E9: FALSE | F9: TRUE | G9: TRUE | H9: FALSE | I9: FALSE
A10: ='Program Learning Outcome'!A10 -> CPL008 | B10: TRUE | C10: TRUE | D10: FALSE | E10: FALSE | F10: TRUE | G10: TRUE | H10: FALSE | I10: FALSE
A11: ='Program Learning Outcome'!A11 | B11: FALSE | C11: FALSE | D11: FALSE | E11: FALSE | F11: FALSE | G11: FALSE | H11: FALSE | I11: FALSE
A12: ='Program Learning Outcome'!A12 | B12: FALSE | C12: FALSE | D12: FALSE | E12: FALSE | F12: FALSE | G12: FALSE | H12: FALSE | I12: FALSE
A13: ='Program Learning Outcome'!A13 | B13: FALSE | C13: FALSE | D13: FALSE | E13: FALSE | F13: FALSE | G13: FALSE | H13: FALSE | I13: FALSE
A14: ='Program Learning Outcome'!A14 | B14: FALSE | C14: FALSE | D14: FALSE | E14: FALSE | F14: FALSE | G14: FALSE | H14: FALSE | I14: FALSE
A15: ='Program Learning Outcome'!A15
A16: ='Program Learning Outcome'!A16
A17: ='Program Learning Outcome'!A17
A18: ='Program Learning Outcome'!A18
A19: ='Program Learning Outcome'!A19
A20: ='Program Learning Outcome'!A20
A21: ='Program Learning Outcome'!A21
A22: ='Program Learning Outcome'!A22
A23: ='Program Learning Outcome'!A23
A24: ='Program Learning Outcome'!A24
A25: ='Program Learning Outcome'!A25
A26: ='Program Learning Outcome'!A26
... A117: ='Program Learning Outcome'!A117

Sheet Padanan PLO dengan domain
A1: Note: Perbanyak cell checkbox sesuai kebutuhan
A2: *DO NOT CHANGE | B2: {=INDEX('Learning Domain'!$A$1:$A$35, COLUMN())} -> remember (C1) | C2: {=INDEX('Learning Domain'!$A$1:$A$35, COLUMN())} -> understand (C2) | D2: {=INDEX('Learning Domain'!$A$1:$A$35, COLUMN())} -> apply (C3) | E2: {=INDEX('Learning Domain'!$A$1:$A$35, COLUMN())} -> analyse (C4) | F2: {=INDEX('Learning Domain'!$A$1:$A$35, COLUMN())} -> evaluate (C5) | G2: {=INDEX('Learning Domain'!$A$1:$A$35, COLUMN())} -> create (C6) | H2: {=INDEX('Learning Domain'!$A$1:$A$35, COLUMN())} -> perceive (A1) | I2: {=INDEX('Learning Domain'!$A$1:$A$35, COLUMN())} -> react (A2) | ... S2: {=INDEX('Learning Domain'!$A$1:$A$35, COLUMN())} -> psychomotor create (P6)
A3: =OFFSET('Program Learning Outcome'!$A$2, ROW()-2, 0) -> CPL001 | B3: FALSE | C3: TRUE | D3: FALSE | E3: FALSE | F3: FALSE | G3: FALSE | H3: FALSE | I3: FALSE | J3: FALSE | K3: FALSE | L3: FALSE | M3: FALSE | N3: FALSE | O3: FALSE | P3: FALSE | Q3: FALSE | R3: FALSE | S3: FALSE
A4: =OFFSET('Program Learning Outcome'!$A$2, ROW()-2, 0) -> CPL002 | B4: FALSE | C4: TRUE | D4: FALSE | E4: FALSE | F4: FALSE | G4: FALSE | H4: FALSE | I4: FALSE | J4: FALSE | K4: FALSE | L4: FALSE | M4: FALSE | N4: FALSE | O4: FALSE | P4: FALSE | Q4: FALSE | R4: FALSE | S4: FALSE
A5: =OFFSET('Program Learning Outcome'!$A$2, ROW()-2, 0) -> CPL003 | B5: FALSE | C5: FALSE | D5: FALSE | E5: TRUE | F5: FALSE | G5: FALSE | H5: FALSE | I5: FALSE | J5: FALSE | K5: FALSE | L5: FALSE | M5: FALSE | N5: FALSE | O5: FALSE | P5: FALSE | Q5: FALSE | R5: FALSE | S5: FALSE
A6: =OFFSET('Program Learning Outcome'!$A$2, ROW()-2, 0) -> CPL004 | B6: FALSE | C6: FALSE | D6: TRUE | E6: FALSE | F6: FALSE | G6: FALSE | H6: FALSE | I6: FALSE | J6: FALSE | K6: FALSE | L6: FALSE | M6: FALSE | N6: FALSE | O6: FALSE | P6: FALSE | Q6: FALSE | R6: FALSE | S6: FALSE
A7: =OFFSET('Program Learning Outcome'!$A$2, ROW()-2, 0) -> CPL005 | B7: FALSE | C7: FALSE | D7: TRUE | E7: FALSE | F7: FALSE | G7: FALSE | H7: FALSE | I7: FALSE | J7: FALSE | K7: FALSE | L7: FALSE | M7: FALSE | N7: FALSE | O7: FALSE | P7: FALSE | Q7: FALSE | R7: FALSE | S7: FALSE
A8: =OFFSET('Program Learning Outcome'!$A$2, ROW()-2, 0) -> CPL006 | B8: FALSE | C8: FALSE | D8: TRUE | E8: FALSE | F8: FALSE | G8: FALSE | H8: FALSE | I8: TRUE | J8: FALSE | K8: FALSE | L8: FALSE | M8: FALSE | N8: FALSE | O8: FALSE | P8: FALSE | Q8: FALSE | R8: FALSE | S8: FALSE
A9: =OFFSET('Program Learning Outcome'!$A$2, ROW()-2, 0) -> CPL007 | B9: FALSE | C9: FALSE | D9: TRUE | E9: FALSE | F9: FALSE | G9: FALSE | H9: FALSE | I9: FALSE | J9: FALSE | K9: FALSE | L9: FALSE | M9: FALSE | N9: FALSE | O9: FALSE | P9: FALSE | Q9: FALSE | R9: FALSE | S9: FALSE
A10: =OFFSET('Program Learning Outcome'!$A$2, ROW()-2, 0) -> CPL008 | B10: FALSE | C10: FALSE | D10: FALSE | E10: TRUE | F10: FALSE | G10: FALSE | H10: FALSE | I10: FALSE | J10: FALSE | K10: FALSE | L10: FALSE | M10: FALSE | N10: FALSE | O10: FALSE | P10: FALSE | Q10: FALSE | R10: FALSE | S10: FALSE
A11: =OFFSET('Program Learning Outcome'!$A$2, ROW()-2, 0) | B11: FALSE | C11: FALSE | D11: FALSE | E11: FALSE | F11: FALSE | G11: FALSE | H11: FALSE | I11: FALSE | J11: FALSE | K11: FALSE | L11: FALSE | M11: FALSE | N11: FALSE | O11: FALSE | P11: FALSE | Q11: FALSE | R11: FALSE | S11: FALSE
A12: =OFFSET('Program Learning Outcome'!$A$2, ROW()-2, 0) | B12: FALSE | C12: FALSE | D12: FALSE | E12: FALSE | F12: FALSE | G12: FALSE | H12: FALSE | I12: FALSE | J12: FALSE | K12: FALSE | L12: FALSE | M12: FALSE | N12: FALSE | O12: FALSE | P12: FALSE | Q12: FALSE | R12: FALSE | S12: FALSE
A13: =OFFSET('Program Learning Outcome'!$A$2, ROW()-2, 0) | B13: FALSE | C13: FALSE | D13: FALSE | E13: FALSE | F13: FALSE | G13: FALSE | H13: FALSE | I13: FALSE | J13: FALSE | K13: FALSE | L13: FALSE | M13: FALSE | N13: FALSE | O13: FALSE | P13: FALSE | Q13: FALSE | R13: FALSE | S13: FALSE
A14: =OFFSET('Program Learning Outcome'!$A$2, ROW()-2, 0) | B14: FALSE | C14: FALSE | D14: FALSE | E14: FALSE | F14: FALSE | G14: FALSE | H14: FALSE | I14: FALSE | J14: FALSE | K14: FALSE | L14: FALSE | M14: FALSE | N14: FALSE | O14: FALSE | P14: FALSE | Q14: FALSE | R14: FALSE | S14: FALSE
A15: =OFFSET('Program Learning Outcome'!$A$2, ROW()-2, 0)
A16: =OFFSET('Program Learning Outcome'!$A$2, ROW()-2, 0)
A17: =OFFSET('Program Learning Outcome'!$A$2, ROW()-2, 0)
A18: =OFFSET('Program Learning Outcome'!$A$2, ROW()-2, 0)
A19: =OFFSET('Program Learning Outcome'!$A$2, ROW()-2, 0)
A20: =OFFSET('Program Learning Outcome'!$A$2, ROW()-2, 0)
A21: =OFFSET('Program Learning Outcome'!$A$2, ROW()-2, 0)
A22: =OFFSET('Program Learning Outcome'!$A$2, ROW()-2, 0)
A23: =OFFSET('Program Learning Outcome'!$A$2, ROW()-2, 0)
A24: =OFFSET('Program Learning Outcome'!$A$2, ROW()-2, 0)
A25: =OFFSET('Program Learning Outcome'!$A$2, ROW()-2, 0)
A26: =OFFSET('Program Learning Outcome'!$A$2, ROW()-2, 0)
... A30: =OFFSET('Program Learning Outcome'!$A$2, ROW()-2, 0)

Sheet Subprogram Learning Outcome
A1: Subprogram Learning Outcome (SubPLO) atau Sub Capaian Pembelajaran Lulusan (SubCPL)
A2: Kode SubPLO | B2: part of PLO | C2: deskripsi*
A3: SCPL001 | B3: CPL001 | C3: Menguasai dasar-dasar pemrograman komputer dan algoritma
A4: SCPL002 | B4: CPL001 | C4: Memahami konsep-konsep dasar jaringan komputer
A5: SCPL003 | B5: CPL002 | C5: Mampu menganalisis dan merancang sistem informasi
A6: SCPL004 | B6: CPL003 | C6: Menguasai konsep-konsep basis data dan manajemen basis data
A7: SCPL005 | B7: CPL004 | C7: Mampu mengembangkan aplikasi berbasis web dan mobile
A8: SCPL006 | B8: CPL005 | C8: Memahami etika profesi dan tanggung jawab sosial dalam teknologi informasi
A9: SCPL007 | B9: CPL005 | C9: Menguasai konsep keamanan informasi dan implementasinya dalam sistem komputer
A10: SCPL008 | B10: CPL006 | C10: Mampu melakukan analisis big data dan penerapannya dalam berbagai bidang
A11: SCPL009 | B11: CPL007 | C11: Mampu bekerja dalam tim untuk menyelesaikan proyek teknologi informasi
A12: SCPL010 | B12: CPL008 | C12: Menguasai konsep-konsep artificial intelligence dan machine learning
A13: SCPL011 | B13: CPL008 | C13: Mampu merancang dan mengimplementasikan solusi berbasis AI

Sheet Padanan SubPLO dengan domain
A1: Note: Perbanyak cell checkbox sesuai kebutuhan
A2: *DO NOT CHANGE | B2: {=INDEX('Learning Domain'!$A$1:$A$35, COLUMN())} -> remember (C1) | C2: {=INDEX('Learning Domain'!$A$1:$A$35, COLUMN())} -> understand (C2) | D2: {=INDEX('Learning Domain'!$A$1:$A$35, COLUMN())} -> apply (C3) | E2: {=INDEX('Learning Domain'!$A$1:$A$35, COLUMN())} -> analyse (C4) | F2: {=INDEX('Learning Domain'!$A$1:$A$35, COLUMN())} -> evaluate (C5) | G2: {=INDEX('Learning Domain'!$A$1:$A$35, COLUMN())} -> create (C6) | H2: {=INDEX('Learning Domain'!$A$1:$A$35, COLUMN())} -> perceive (A1) | I2: {=INDEX('Learning Domain'!$A$1:$A$35, COLUMN())} -> react (A2) | ... S2: {=INDEX('Learning Domain'!$A$1:$A$35, COLUMN())} -> psychomotor create (P6)
A3: =OFFSET('Subprogram Learning Outcome'!$A$2, ROW()-2, 0) -> SCPL001 | B3: FALSE | C3: TRUE | D3: FALSE | E3: FALSE | F3: FALSE | G3: FALSE | H3: FALSE | I3: FALSE | J3: FALSE | K3: FALSE | L3: FALSE | M3: FALSE | N3: FALSE | O3: FALSE | P3: FALSE | Q3: FALSE | R3: FALSE | S3: FALSE
A4: =OFFSET('Subprogram Learning Outcome'!$A$2, ROW()-2, 0) -> SCPL002 | B4: FALSE | C4: TRUE | D4: FALSE | E4: FALSE | F4: FALSE | G4: FALSE | H4: FALSE | I4: FALSE | J4: FALSE | K4: FALSE | L4: FALSE | M4: FALSE | N4: FALSE | O4: FALSE | P4: FALSE | Q4: FALSE | R4: FALSE | S4: FALSE
A5: =OFFSET('Subprogram Learning Outcome'!$A$2, ROW()-2, 0) -> SCPL003 | B5: FALSE | C5: FALSE | D5: FALSE | E5: TRUE | F5: FALSE | G5: FALSE | H5: FALSE | I5: FALSE | J5: FALSE | K5: FALSE | L5: FALSE | M5: FALSE | N5: FALSE | O5: FALSE | P5: FALSE | Q5: FALSE | R5: FALSE | S5: FALSE
A6: =OFFSET('Subprogram Learning Outcome'!$A$2, ROW()-2, 0) -> SCPL004 | B6: FALSE | C6: FALSE | D6: TRUE | E6: FALSE | F6: FALSE | G6: FALSE | H6: FALSE | I6: FALSE | J6: FALSE | K6: FALSE | L6: FALSE | M6: FALSE | N6: FALSE | O6: FALSE | P6: FALSE | Q6: FALSE | R6: FALSE | S6: FALSE
A7: =OFFSET('Subprogram Learning Outcome'!$A$2, ROW()-2, 0) -> SCPL005 | B7: FALSE | C7: FALSE | D7: TRUE | E7: FALSE | F7: FALSE | G7: FALSE | H7: FALSE | I7: FALSE | J7: FALSE | K7: FALSE | L7: FALSE | M7: FALSE | N7: FALSE | O7: FALSE | P7: FALSE | Q7: FALSE | R7: FALSE | S7: FALSE
A8: =OFFSET('Subprogram Learning Outcome'!$A$2, ROW()-2, 0) -> SCPL006 | B8: FALSE | C8: FALSE | D8: TRUE | E8: FALSE | F8: FALSE | G8: FALSE | H8: FALSE | I8: TRUE | J8: FALSE | K8: FALSE | L8: FALSE | M8: FALSE | N8: FALSE | O8: FALSE | P8: FALSE | Q8: FALSE | R8: FALSE | S8: FALSE
A9: =OFFSET('Subprogram Learning Outcome'!$A$2, ROW()-2, 0) -> SCPL007 | B9: FALSE | C9: FALSE | D9: TRUE | E9: FALSE | F9: FALSE | G9: FALSE | H9: FALSE | I9: FALSE | J9: FALSE | K9: FALSE | L9: FALSE | M9: FALSE | N9: FALSE | O9: FALSE | P9: FALSE | Q9: FALSE | R9: FALSE | S9: FALSE
A10: =OFFSET('Subprogram Learning Outcome'!$A$2, ROW()-2, 0) -> SCPL008 | B10: FALSE | C10: FALSE | D10: FALSE | E10: TRUE | F10: FALSE | G10: FALSE | H10: FALSE | I10: FALSE | J10: FALSE | K10: FALSE | L10: FALSE | M10: FALSE | N10: FALSE | O10: FALSE | P10: FALSE | Q10: FALSE | R10: FALSE | S10: FALSE
A11: =OFFSET('Subprogram Learning Outcome'!$A$2, ROW()-2, 0) -> SCPL009 | B11: FALSE | C11: FALSE | D11: TRUE | E11: FALSE | F11: FALSE | G11: FALSE | H11: FALSE | I11: TRUE | J11: FALSE | K11: FALSE | L11: FALSE | M11: FALSE | N11: FALSE | O11: FALSE | P11: FALSE | Q11: FALSE | R11: FALSE | S11: FALSE
A12: =OFFSET('Subprogram Learning Outcome'!$A$2, ROW()-2, 0) -> SCPL010 | B12: FALSE | C12: FALSE | D12: TRUE | E12: FALSE | F12: FALSE | G12: FALSE | H12: FALSE | I12: FALSE | J12: FALSE | K12: FALSE | L12: FALSE | M12: FALSE | N12: FALSE | O12: FALSE | P12: FALSE | Q12: FALSE | R12: FALSE | S12: FALSE
A13: =OFFSET('Subprogram Learning Outcome'!$A$2, ROW()-2, 0) -> SCPL011 | B13: FALSE | C13: FALSE | D13: TRUE | E13: FALSE | F13: FALSE | G13: FALSE | H13: FALSE | I13: FALSE | J13: FALSE | K13: FALSE | L13: FALSE | M13: FALSE | N13: FALSE | O13: FALSE | P13: FALSE | Q13: FALSE | R13: FALSE | S13: FALSE
A14: =OFFSET('Subprogram Learning Outcome'!$A$2, ROW()-2, 0) | B14: FALSE | C14: FALSE | D14: FALSE | E14: FALSE | F14: FALSE | G14: FALSE | H14: FALSE | I14: FALSE | J14: FALSE | K14: FALSE | L14: FALSE | M14: FALSE | N14: FALSE | O14: FALSE | P14: FALSE | Q14: FALSE | R14: FALSE | S14: FALSE
A15: =OFFSET('Subprogram Learning Outcome'!$A$2, ROW()-2, 0) | B15: FALSE | C15: FALSE | D15: FALSE | E15: FALSE | F15: FALSE | G15: FALSE | H15: FALSE | I15: FALSE | J15: FALSE | K15: FALSE | L15: FALSE | M15: FALSE | N15: FALSE | O15: FALSE | P15: FALSE | Q15: FALSE | R15: FALSE | S15: FALSE
A16: =OFFSET('Subprogram Learning Outcome'!$A$2, ROW()-2, 0)
A17: =OFFSET('Subprogram Learning Outcome'!$A$2, ROW()-2, 0)
A18: =OFFSET('Subprogram Learning Outcome'!$A$2, ROW()-2, 0)
A19: =OFFSET('Subprogram Learning Outcome'!$A$2, ROW()-2, 0)
A20: =OFFSET('Subprogram Learning Outcome'!$A$2, ROW()-2, 0)
A21: =OFFSET('Subprogram Learning Outcome'!$A$2, ROW()-2, 0)
A22: =OFFSET('Subprogram Learning Outcome'!$A$2, ROW()-2, 0)
A23: =OFFSET('Subprogram Learning Outcome'!$A$2, ROW()-2, 0)
A24: =OFFSET('Subprogram Learning Outcome'!$A$2, ROW()-2, 0)
A25: =OFFSET('Subprogram Learning Outcome'!$A$2, ROW()-2, 0)

Sheet Course Learning Outcome
A1: Course Learning Outcome (CLO) atau Capaian Pembelajaran Mata Kuliah (CPMK)
A2: Kode Capaian Pembelajaran Mata Kuliah | B2: criteria | C2: Deskripsi*
A3: CPMK001 | B3: CPL001 | C3: Mahasiswa mampu memahami dasar-dasar pemrograman komputer dan algoritma.
A4: CPMK002 | B4: CPL002 | C4: Mahasiswa mampu merancang dan mengimplementasikan sistem informasi berbasis komputer.
A5: CPMK003 | B5: CPL003 | C5: Mahasiswa mampu mengelola basis data dengan baik dan benar.
A6: CPMK004 | B6: CPL004 | C6: Mahasiswa mampu mengembangkan aplikasi berbasis web dengan menggunakan teknologi terkini.
A7: CPMK005 | B7: CPL005 | C7: Mahasiswa mampu memahami etika profesi dalam bidang teknologi informasi.
A8: CPMK006 | B8: CPL005 | C8: Mahasiswa mampu menerapkan prinsip-prinsip keamanan informasi dalam sistem komputer.
A9: CPMK007 | B9: CPL006 | C9: Mahasiswa mampu menganalisis data besar (big data) dan menyusun laporan analisis yang komprehensif.
A10: CPMK008 | B10: CPL007 | C10: Mahasiswa mampu bekerja dalam tim untuk menyelesaikan proyek teknologi informasi dengan efektif dan efisien.
A11: CPMK009 | B11: CPL008 | C11: Mahasiswa mampu merancang dan mengimplementasikan solusi berbasis kecerdasan buatan (AI) untuk berbagai permasalahan.
A12: CPMK010 | B12: CPL008 | C12: Mahasiswa mampu memahami konsep machine learning dan mengaplikasikannya dalam proyek nyata.
A13: CPMK011 | B13: CPL003 | C13: Mahasiswa mampu melakukan normalisasi dan optimisasi basis data untuk meningkatkan performa dan efisiensi sistem.
... A17: CPMK015 | B17: CPL005 | C17: Mahasiswa mampu mengidentifikasi dan memitigasi risiko keamanan informasi dalam proyek teknologi informasi.

Sheet Sheet8
A1: count_sp | B1: =COUNTA('Study Program'!$A$3:$A$500) -> 2
A2: count_cur | B2: =COUNTA(Curriculum!$A$3:$A$500) -> 2
A3: count_peo | B3: =COUNTA('Program Educational Objective'!$A$3:$A$500) -> 6
A4: count_plo | B4: =COUNTA('Program Learning Outcome'!$A$3:$A$500) -> 8
A5: count_splo | B5: =COUNTA('Subprogram Learning Outcome'!$A$3:$A$500) -> 11
A6: count_clo | B6: =COUNTA('Course Learning Outcome'!$A$3:$A$500) -> 15
A7: count_course | B7: =COUNTA(Course!$A$3:$A$500) -> 25
A8: count_content | B8: =COUNTA(Content!$A$3:$A$500) -> 10
A10: count_learning_domain | B10: =COUNTA('Learning Domain'!$A$2:$A$500) -> 18

Sheet Padanan CLO dan Domain
A1: Note: Perbanyak cell checkbox sesuai kebutuhan
A2: *DO NOT CHANGE | B2: {=INDEX('Learning Domain'!$A$1:$A$35, COLUMN())} -> remember (C1) | C2: {=INDEX('Learning Domain'!$A$1:$A$35, COLUMN())} -> understand (C2) | D2: {=INDEX('Learning Domain'!$A$1:$A$35, COLUMN())} -> apply (C3) | E2: {=INDEX('Learning Domain'!$A$1:$A$35, COLUMN())} -> analyse (C4) | F2: {=INDEX('Learning Domain'!$A$1:$A$35, COLUMN())} -> evaluate (C5) | G2: {=INDEX('Learning Domain'!$A$1:$A$35, COLUMN())} -> create (C6) | H2: {=INDEX('Learning Domain'!$A$1:$A$35, COLUMN())} -> perceive (A1) | I2: {=INDEX('Learning Domain'!$A$1:$A$35, COLUMN())} -> react (A2) | ... S2: {=INDEX('Learning Domain'!$A$1:$A$35, COLUMN())} -> psychomotor create (P6)
A3: =OFFSET('Course Learning Outcome'!$A$2, ROW()-2, 0) -> CPMK001 | B3: FALSE | C3: TRUE | D3: FALSE | E3: FALSE | F3: FALSE | G3: FALSE | H3: FALSE | I3: FALSE | J3: FALSE | K3: FALSE | L3: FALSE | M3: FALSE | N3: FALSE | O3: FALSE | P3: FALSE | Q3: FALSE | R3: FALSE | S3: FALSE
A4: =OFFSET('Course Learning Outcome'!$A$2, ROW()-2, 0) -> CPMK002 | B4: FALSE | C4: TRUE | D4: FALSE | E4: FALSE | F4: FALSE | G4: FALSE | H4: FALSE | I4: FALSE | J4: FALSE | K4: FALSE | L4: FALSE | M4: FALSE | N4: FALSE | O4: FALSE | P4: FALSE | Q4: FALSE | R4: FALSE | S4: FALSE
A5: =OFFSET('Course Learning Outcome'!$A$2, ROW()-2, 0) -> CPMK003 | B5: FALSE | C5: FALSE | D5: FALSE | E5: TRUE | F5: FALSE | G5: FALSE | H5: FALSE | I5: FALSE | J5: FALSE | K5: FALSE | L5: FALSE | M5: FALSE | N5: FALSE | O5: FALSE | P5: FALSE | Q5: FALSE | R5: FALSE | S5: FALSE
A6: =OFFSET('Course Learning Outcome'!$A$2, ROW()-2, 0) -> CPMK004 | B6: FALSE | C6: FALSE | D6: TRUE | E6: FALSE | F6: FALSE | G6: FALSE | H6: FALSE | I6: FALSE | J6: FALSE | K6: FALSE | L6: FALSE | M6: FALSE | N6: FALSE | O6: FALSE | P6: FALSE | Q6: FALSE | R6: FALSE | S6: FALSE
A7: =OFFSET('Course Learning Outcome'!$A$2, ROW()-2, 0) -> CPMK005 | B7: FALSE | C7: TRUE | D7: FALSE | E7: FALSE | F7: FALSE | G7: FALSE | H7: FALSE | I7: FALSE | J7: FALSE | K7: FALSE | L7: FALSE | M7: FALSE | N7: FALSE | O7: FALSE | P7: FALSE | Q7: FALSE | R7: FALSE | S7: FALSE
A8: =OFFSET('Course Learning Outcome'!$A$2, ROW()-2, 0) -> CPMK006 | B8: FALSE | C8: FALSE | D8: TRUE | E8: FALSE | F8: FALSE | G8: FALSE | H8: FALSE | I8: FALSE | J8: TRUE | K8: FALSE | L8: FALSE | M8: FALSE | N8: FALSE | O8: FALSE | P8: FALSE | Q8: FALSE | R8: FALSE | S8: FALSE
A9: =OFFSET('Course Learning Outcome'!$A$2, ROW()-2, 0) -> CPMK007 | B9: FALSE | C9: FALSE | D9: FALSE | E9: TRUE | F9: FALSE | G9: FALSE | H9: FALSE | I9: FALSE | J9: FALSE | K9: FALSE | L9: FALSE | M9: FALSE | N9: FALSE | O9: FALSE | P9: FALSE | Q9: FALSE | R9: FALSE | S9: FALSE
A10: =OFFSET('Course Learning Outcome'!$A$2, ROW()-2, 0) -> CPMK008 | B10: FALSE | C10: FALSE | D10: FALSE | E10: FALSE | F10: TRUE | G10: FALSE | H10: FALSE | I10: FALSE | J10: FALSE | K10: FALSE | L10: FALSE | M10: FALSE | N10: FALSE | O10: FALSE | P10: FALSE | Q10: FALSE | R10: FALSE | S10: FALSE
A11: =OFFSET('Course Learning Outcome'!$A$2, ROW()-2, 0) -> CPMK009 | B11: FALSE | C11: FALSE | D11: TRUE | E11: FALSE | F11: FALSE | G11: FALSE | H11: FALSE | I11: FALSE | J11: FALSE | K11: FALSE | L11: FALSE | M11: FALSE | N11: FALSE | O11: FALSE | P11: FALSE | Q11: FALSE | R11: FALSE | S11: FALSE
A12: =OFFSET('Course Learning Outcome'!$A$2, ROW()-2, 0) -> CPMK010 | B12: FALSE | C12: FALSE | D12: TRUE | E12: FALSE | F12: FALSE | G12: FALSE | H12: TRUE | I12: FALSE | J12: FALSE | K12: FALSE | L12: FALSE | M12: FALSE | N12: FALSE | O12: FALSE | P12: FALSE | Q12: FALSE | R12: FALSE | S12: FALSE
A13: =OFFSET('Course Learning Outcome'!$A$2, ROW()-2, 0) -> CPMK011 | B13: FALSE | C13: FALSE | D13: TRUE | E13: FALSE | F13: FALSE | G13: FALSE | H13: FALSE | I13: TRUE | J13: FALSE | K13: FALSE | L13: FALSE | M13: FALSE | N13: FALSE | O13: FALSE | P13: FALSE | Q13: FALSE | R13: FALSE | S13: FALSE
A14: =OFFSET('Course Learning Outcome'!$A$2, ROW()-2, 0) -> CPMK012 | B14: FALSE | C14: TRUE | D14: FALSE | E14: FALSE | F14: FALSE | G14: FALSE | H14: FALSE | I14: FALSE | J14: TRUE | K14: FALSE | L14: FALSE | M14: FALSE | N14: FALSE | O14: FALSE | P14: FALSE | Q14: FALSE | R14: FALSE | S14: FALSE
... A17: =OFFSET('Course Learning Outcome'!$A$2, ROW()-2, 0) -> CPMK015 | B17: FALSE | C17: FALSE | D17: FALSE | E17: FALSE | F17: FALSE | G17: FALSE | H17: FALSE | I17: FALSE | J17: TRUE | K17: FALSE | L17: FALSE | M17: FALSE | N17: FALSE | O17: FALSE | P17: FALSE | Q17: FALSE | R17: FALSE | S17: FALSE
A18: =OFFSET('Course Learning Outcome'!$A$2, ROW()-2, 0)
A19: =OFFSET('Course Learning Outcome'!$A$2, ROW()-2, 0)
A20: =OFFSET('Course Learning Outcome'!$A$2, ROW()-2, 0)
A21: =OFFSET('Course Learning Outcome'!$A$2, ROW()-2, 0)
A22: =OFFSET('Course Learning Outcome'!$A$2, ROW()-2, 0)
A23: =OFFSET('Course Learning Outcome'!$A$2, ROW()-2, 0)
A24: =OFFSET('Course Learning Outcome'!$A$2, ROW()-2, 0)
A25: =OFFSET('Course Learning Outcome'!$A$2, ROW()-2, 0)
A26: =OFFSET('Course Learning Outcome'!$A$2, ROW()-2, 0)
A27: =OFFSET('Course Learning Outcome'!$A$2, ROW()-2, 0)
A28: =OFFSET('Course Learning Outcome'!$A$2, ROW()-2, 0)

Sheet Padanana CLO dengan PLO
A1: Note: Perbanyak cell checkbox sesuai kebutuhan
A2: *DO NOT CHANGE | B2: {=INDEX('Program Learning Outcome'!$A$3:$A$200, COLUMN()-1)} -> CPL001 | C2: {=INDEX('Program Learning Outcome'!$A$3:$A$200, COLUMN()-1)} -> CPL002 | D2: {=INDEX('Program Learning Outcome'!$A$3:$A$200, COLUMN()-1)} -> CPL003 | E2: {=INDEX('Program Learning Outcome'!$A$3:$A$200, COLUMN()-1)} -> CPL004 | F2: {=INDEX('Program Learning Outcome'!$A$3:$A$200, COLUMN()-1)} -> CPL005 | G2: {=INDEX('Program Learning Outcome'!$A$3:$A$200, COLUMN()-1)} -> CPL006 | H2: {=INDEX('Program Learning Outcome'!$A$3:$A$200, COLUMN()-1)} -> CPL007 | I2: {=INDEX('Program Learning Outcome'!$A$3:$A$200, COLUMN()-1)} -> CPL008 | ... Z2: {=INDEX('Program Learning Outcome'!$A$3:$A$200, COLUMN()-1)}
A3: =OFFSET('Course Learning Outcome'!$A$2, ROW()-2, 0) -> CPMK001 | B3: TRUE | C3: FALSE | D3: FALSE | E3: FALSE | F3: FALSE | G3: FALSE | H3: FALSE | I3: FALSE | J3: FALSE | K3: FALSE | L3: FALSE | M3: FALSE
A4: =OFFSET('Course Learning Outcome'!$A$2, ROW()-2, 0) -> CPMK002 | B4: TRUE | C4: TRUE | D4: FALSE | E4: FALSE | F4: FALSE | G4: FALSE | H4: FALSE | I4: FALSE | J4: FALSE | K4: FALSE | L4: FALSE | M4: FALSE
A5: =OFFSET('Course Learning Outcome'!$A$2, ROW()-2, 0) -> CPMK003 | B5: FALSE | C5: TRUE | D5: TRUE | E5: FALSE | F5: FALSE | G5: FALSE | H5: FALSE | I5: FALSE | J5: FALSE | K5: FALSE | L5: FALSE | M5: FALSE
A6: =OFFSET('Course Learning Outcome'!$A$2, ROW()-2, 0) -> CPMK004 | B6: TRUE | C6: TRUE | D6: FALSE | E6: TRUE | F6: FALSE | G6: FALSE | H6: FALSE | I6: FALSE | J6: FALSE | K6: FALSE | L6: FALSE | M6: FALSE
A7: =OFFSET('Course Learning Outcome'!$A$2, ROW()-2, 0) -> CPMK005 | B7: FALSE | C7: FALSE | D7: TRUE | E7: TRUE | F7: TRUE | G7: TRUE | H7: FALSE | I7: FALSE | J7: FALSE | K7: FALSE | L7: FALSE | M7: FALSE
A8: =OFFSET('Course Learning Outcome'!$A$2, ROW()-2, 0) -> CPMK006 | B8: FALSE | C8: FALSE | D8: FALSE | E8: TRUE | F8: FALSE | G8: TRUE | H8: FALSE | I8: FALSE | J8: FALSE | K8: FALSE | L8: FALSE | M8: FALSE
A9: =OFFSET('Course Learning Outcome'!$A$2, ROW()-2, 0) -> CPMK007 | B9: FALSE | C9: FALSE | D9: FALSE | E9: FALSE | F9: TRUE | G9: FALSE | H9: TRUE | I9: FALSE | J9: FALSE | K9: FALSE | L9: FALSE | M9: FALSE
A10: =OFFSET('Course Learning Outcome'!$A$2, ROW()-2, 0) -> CPMK008 | B10: FALSE | C10: FALSE | D10: FALSE | E10: FALSE | F10: FALSE | G10: FALSE | H10: FALSE | I10: TRUE | J10: FALSE | K10: FALSE | L10: FALSE | M10: FALSE
A11: =OFFSET('Course Learning Outcome'!$A$2, ROW()-2, 0) -> CPMK009 | B11: FALSE | C11: FALSE | D11: FALSE | E11: FALSE | F11: FALSE | G11: FALSE | H11: FALSE | I11: TRUE | J11: TRUE | K11: FALSE | L11: FALSE | M11: FALSE
A12: =OFFSET('Course Learning Outcome'!$A$2, ROW()-2, 0) -> CPMK010 | B12: FALSE | C12: FALSE | D12: FALSE | E12: FALSE | F12: FALSE | G12: FALSE | H12: FALSE | I12: FALSE | J12: FALSE | K12: TRUE | L12: FALSE | M12: FALSE
A13: =OFFSET('Course Learning Outcome'!$A$2, ROW()-2, 0) -> CPMK011 | B13: FALSE | C13: FALSE | D13: FALSE | E13: FALSE | F13: FALSE | G13: FALSE | H13: FALSE | I13: FALSE | J13: TRUE | K13: TRUE | L13: TRUE | M13: FALSE
A14: =OFFSET('Course Learning Outcome'!$A$2, ROW()-2, 0) -> CPMK012 | B14: FALSE | C14: FALSE | D14: FALSE | E14: FALSE | F14: FALSE | G14: FALSE | H14: FALSE | I14: FALSE | J14: FALSE | K14: FALSE | L14: TRUE | M14: FALSE
... A17: =OFFSET('Course Learning Outcome'!$A$2, ROW()-2, 0) -> CPMK015 | B17: FALSE | C17: FALSE | D17: FALSE | E17: FALSE | F17: FALSE | G17: FALSE | H17: FALSE | I17: FALSE | J17: FALSE | K17: FALSE | L17: FALSE | M17: TRUE
A18: =OFFSET('Course Learning Outcome'!$A$2, ROW()-2, 0)
A19: =OFFSET('Course Learning Outcome'!$A$2, ROW()-2, 0)
A20: =OFFSET('Course Learning Outcome'!$A$2, ROW()-2, 0)
A21: =OFFSET('Course Learning Outcome'!$A$2, ROW()-2, 0)
A22: =OFFSET('Course Learning Outcome'!$A$2, ROW()-2, 0)
A23: =OFFSET('Course Learning Outcome'!$A$2, ROW()-2, 0)
A24: =OFFSET('Course Learning Outcome'!$A$2, ROW()-2, 0)
A25: =OFFSET('Course Learning Outcome'!$A$2, ROW()-2, 0)
A26: =OFFSET('Course Learning Outcome'!$A$2, ROW()-2, 0)
A27: =OFFSET('Course Learning Outcome'!$A$2, ROW()-2, 0)
A28: =OFFSET('Course Learning Outcome'!$A$2, ROW()-2, 0)

Sheet Padanan CLO dengan SubPLO
A1: Note: Perbanyak cell checkbox sesuai kebutuhan
A2: *DO NOT CHANGE | B2: {=INDEX('Subprogram Learning Outcome'!$A$3:$A$200, COLUMN()-1)} -> SCPL001 | C2: {=INDEX('Subprogram Learning Outcome'!$A$3:$A$200, COLUMN()-1)} -> SCPL002 | D2: {=INDEX('Subprogram Learning Outcome'!$A$3:$A$200, COLUMN()-1)} -> SCPL003 | E2: {=INDEX('Subprogram Learning Outcome'!$A$3:$A$200, COLUMN()-1)} -> SCPL004 | F2: {=INDEX('Subprogram Learning Outcome'!$A$3:$A$200, COLUMN()-1)} -> SCPL005 | G2: {=INDEX('Subprogram Learning Outcome'!$A$3:$A$200, COLUMN()-1)} -> SCPL006 | H2: {=INDEX('Subprogram Learning Outcome'!$A$3:$A$200, COLUMN()-1)} -> SCPL007 | I2: {=INDEX('Subprogram Learning Outcome'!$A$3:$A$200, COLUMN()-1)} -> SCPL008 | ... Z2: {=INDEX('Subprogram Learning Outcome'!$A$3:$A$200, COLUMN()-1)}
A3: =OFFSET('Course Learning Outcome'!$A$2, ROW()-2, 0) -> CPMK001 | B3: TRUE | C3: FALSE | D3: FALSE | E3: FALSE | F3: FALSE | G3: FALSE | H3: FALSE | I3: FALSE | J3: FALSE | K3: FALSE | L3: FALSE | M3: FALSE | N3: FALSE
A4: =OFFSET('Course Learning Outcome'!$A$2, ROW()-2, 0) -> CPMK002 | B4: TRUE | C4: TRUE | D4: FALSE | E4: FALSE | F4: FALSE | G4: FALSE | H4: FALSE | I4: FALSE | J4: FALSE | K4: FALSE | L4: FALSE | M4: FALSE | N4: FALSE
A5: =OFFSET('Course Learning Outcome'!$A$2, ROW()-2, 0) -> CPMK003 | B5: FALSE | C5: TRUE | D5: TRUE | E5: FALSE | F5: FALSE | G5: FALSE | H5: FALSE | I5: FALSE | J5: FALSE | K5: FALSE | L5: FALSE | M5: FALSE | N5: FALSE
A6: =OFFSET('Course Learning Outcome'!$A$2, ROW()-2, 0) -> CPMK004 | B6: FALSE | C6: FALSE | D6: TRUE | E6: FALSE | F6: FALSE | G6: FALSE | H6: FALSE | I6: FALSE | J6: FALSE | K6: FALSE | L6: FALSE | M6: FALSE | N6: FALSE
A7: =OFFSET('Course Learning Outcome'!$A$2, ROW()-2, 0) -> CPMK005 | B7: FALSE | C7: FALSE | D7: TRUE | E7: TRUE | F7: TRUE | G7: TRUE | H7: FALSE | I7: FALSE | J7: FALSE | K7: FALSE | L7: FALSE | M7: FALSE | N7: FALSE
A8: =OFFSET('Course Learning Outcome'!$A$2, ROW()-2, 0) -> CPMK006 | B8: FALSE | C8: FALSE | D8: FALSE | E8: FALSE | F8: TRUE | G8: TRUE | H8: FALSE | I8: FALSE | J8: FALSE | K8: FALSE | L8: FALSE | M8: FALSE | N8: FALSE
A9: =OFFSET('Course Learning Outcome'!$A$2, ROW()-2, 0) -> CPMK007 | B9: FALSE | C9: FALSE | D9: FALSE | E9: FALSE | F9: FALSE | G9: FALSE | H9: TRUE | I9: FALSE | J9: FALSE | K9: FALSE | L9: FALSE | M9: FALSE | N9: FALSE
A10: =OFFSET('Course Learning Outcome'!$A$2, ROW()-2, 0) -> CPMK008 | B10: FALSE | C10: FALSE | D10: FALSE | E10: FALSE | F10: FALSE | G10: TRUE | H10: TRUE | I10: FALSE | J10: FALSE | K10: FALSE | L10: FALSE | M10: FALSE | N10: FALSE
A11: =OFFSET('Course Learning Outcome'!$A$2, ROW()-2, 0) -> CPMK009 | B11: FALSE | C11: FALSE | D11: FALSE | E11: FALSE | F11: FALSE | G11: FALSE | H11: FALSE | I11: TRUE | J11: FALSE | K11: FALSE | L11: FALSE | M11: FALSE | N11: FALSE
A12: =OFFSET('Course Learning Outcome'!$A$2, ROW()-2, 0) -> CPMK010 | B12: FALSE | C12: FALSE | D12: FALSE | E12: FALSE | F12: FALSE | G12: FALSE | H12: FALSE | I12: TRUE | J12: FALSE | K12: FALSE | L12: FALSE
A13: =OFFSET('Course Learning Outcome'!$A$2, ROW()-2, 0) -> CPMK011 | B13: FALSE | C13: FALSE | D13: FALSE | E13: FALSE | F13: FALSE | G13: FALSE | H13: FALSE | I13: FALSE | J13: TRUE | K13: FALSE | L13: FALSE
A14: =OFFSET('Course Learning Outcome'!$A$2, ROW()-2, 0) -> CPMK012 | B14: FALSE | C14: FALSE | D14: FALSE | E14: FALSE | F14: FALSE | G14: FALSE | H14: FALSE | I14: FALSE | J14: TRUE | K14: TRUE | L14: FALSE
A15: =OFFSET('Course Learning Outcome'!$A$2, ROW()-2, 0) -> CPMK013 | B15: FALSE | C15: FALSE | D15: FALSE | E15: FALSE | F15: FALSE | G15: FALSE | H15: FALSE | I15: FALSE | J15: FALSE | K15: TRUE | L15: FALSE
A16: =OFFSET('Course Learning Outcome'!$A$2, ROW()-2, 0) -> CPMK014 | B16: FALSE | C16: FALSE | D16: FALSE | E16: FALSE | F16: FALSE | G16: FALSE | H16: FALSE | I16: FALSE | J16: FALSE | K16: FALSE | L16: TRUE
A17: =OFFSET('Course Learning Outcome'!$A$2, ROW()-2, 0) -> CPMK015 | B17: FALSE | C17: FALSE | D17: FALSE | E17: FALSE | F17: FALSE | G17: FALSE | H17: FALSE | I17: FALSE | J17: FALSE | K17: FALSE | L17: TRUE
A18: =OFFSET('Course Learning Outcome'!$A$2, ROW()-2, 0)
A19: =OFFSET('Course Learning Outcome'!$A$2, ROW()-2, 0)
A20: =OFFSET('Course Learning Outcome'!$A$2, ROW()-2, 0)
A21: =OFFSET('Course Learning Outcome'!$A$2, ROW()-2, 0)
A22: =OFFSET('Course Learning Outcome'!$A$2, ROW()-2, 0)
A23: =OFFSET('Course Learning Outcome'!$A$2, ROW()-2, 0)
A24: =OFFSET('Course Learning Outcome'!$A$2, ROW()-2, 0)
A25: =OFFSET('Course Learning Outcome'!$A$2, ROW()-2, 0)
A26: =OFFSET('Course Learning Outcome'!$A$2, ROW()-2, 0)
A27: =OFFSET('Course Learning Outcome'!$A$2, ROW()-2, 0)
A28: =OFFSET('Course Learning Outcome'!$A$2, ROW()-2, 0)

Sheet Unit Learning Outcome
A1: Unit Learning Outcome (ULO) atau Sub-Capaian Pembelajaran Mata Kuliah (Sub-CPMK) (not include in tahap 1)
A2: Kode Sub-Capaian Pembelajaran Mata Kuliah | B2: part of CLO | C2: has Domain (?kalo many, bisa dipisah + sheet ULO relation) | D2: criteria | E2: Content | F2: align with
F3: TeachingLearningActivity | G3: AssesmentTask
A4: ULO_1 | B4: CLO_7 | C4: psychomotor perceive (P1) | E4: model_KASDD
A5: ULO_2 | B5: CLO_8 | C5: apply (C3)
A6: ULO_3 | B6: CLO_9 | C6: evaluate (C5)
A7: ULO_4 | B7: CLO_3 | C7: create (C6)
A8: ULO_5 | B8: CLO_4 | C8: psychomotor perceive (P1)
A9: ULO_6 | B9: CLO_5 | C9: apply (C3)
A10: ULO_7 | B10: CLO_6 | C10: evaluate (C5)
A11: ULO_8 | B11: CLO_7 | C11: create (C6)

Sheet Content
A1: Content atau Konten
A2: Kode | B2: Deskripsi | C2: has Known Category | G2: termasuk dalam CLO
C3: Factual | D3: Conceptual | E3: Procedural | F3: Metacognitive
A4: CT001 | B4: Mahasiswa mampu memahami dasar-dasar pemrograman komputer dan algoritma. | C4: Yes | D4: Yes | E4: Yes | F4: No | G4: CPMK001 | H4: CPMK011
A5: CT002 | B5: Mahasiswa mampu merancang dan mengimplementasikan sistem informasi berbasis komputer. | C5: Yes | D5: Yes | E5: Yes | F5: No | G5: CPMK002 | H5: CPMK012
A6: CT003 | B6: Mahasiswa mampu mengelola basis data dengan baik dan benar. | C6: Yes | D6: Yes | E6: Yes | F6: Yes | G6: CPMK003 | H6: CPMK013
A7: CT004 | B7: Mahasiswa mampu mengembangkan aplikasi berbasis web dengan menggunakan teknologi terkini. | C7: No | D7: Yes | E7: Yes | F7: No | G7: CPMK004 | H7: CPMK014
A8: CT005 | B8: Mahasiswa mampu memahami etika profesi dalam bidang teknologi informasi. | C8: Yes | D8: Yes | E8: No | F8: No | G8: CPMK005 | H8: CPMK015
A9: CT006 | B9: Mahasiswa mampu menerapkan prinsip-prinsip keamanan informasi dalam sistem komputer. | C9: Yes | D9: Yes | E9: Yes | F9: No | G9: CPMK006
A10: CT007 | B10: Mahasiswa mampu menganalisis data besar (big data) dan menyusun laporan analisis yang komprehensif. | C10: Yes | D10: Yes | E10: Yes | F10: No | G10: CPMK007
A11: CT008 | B11: Mahasiswa mampu bekerja dalam tim untuk menyelesaikan proyek teknologi informasi dengan efektif. | C11: Yes | D11: Yes | E11: Yes | F11: Yes | G11: CPMK008
A12: CT009 | B12: Mahasiswa mampu merancang dan mengimplementasikan solusi berbasis kecerdasan buatan (AI). | C12: Yes | D12: Yes | E12: Yes | F12: Yes | G12: CPMK009
A13: CT010 | B13: Mahasiswa mampu memahami konsep machine learning dan mengaplikasikannya dalam proyek nyata. | C13: Yes | D13: Yes | E13: Yes | F13: Yes | G13: CPMK010

Sheet Course
A1: Course atau Mata Kuliah (MK)
A2: Kode MK | B2: has CLO | C2: Deskripsi*
A3: MK001 | B3: CPMK001 | C3: Pengantar Pemrograman
A4: MK002 | B4: CPMK001 | C4: Algoritma dan Struktur Data
A5: MK003 | B5: CPMK002 | C5: Sistem Informasi
A6: MK004 | B6: CPMK003 | C6: Basis Data
A7: MK005 | B7: CPMK004 | C7: Pengembangan Aplikasi Web
A8: MK006 | B8: CPMK005 | C8: Etika Profesi Teknologi Informasi
A9: MK007 | B9: CPMK006 | C9: Keamanan Informasi
A10: MK008 | B10: CPMK007 | C10: Analisis Data Besar (Big Data)
A11: MK009 | B11: CPMK008 | C11: Manajemen Proyek Teknologi Informasi
A12: MK010 | B12: CPMK009 | C12: Kecerdasan Buatan (Artificial Intelligence)
A13: MK011 | B13: CPMK010 | C13: Pembelajaran Mesin (Machine Learning)
... A27: MK025 | B27: CPMK015 | C27: Identifikasi dan Mitigasi Risiko Keamanan

Sheet Cognitive
A1: Label
A2: remember (C1)
A3: understand (C2)
A4: apply (C3)
A5: analyse (C4)
A6: evaluate (C5)
A7: create (C6)

Sheet Affective
A1: Label
A2: perceive (A1)
A3: react (A2)
A4: conform (A3)
A5: validate (A4)
A6: affective judge (A5)
A7: affective create (A6)

Sheet Psychomotoric
A1: Label
A2: psychomotor perceive (P1)
A3: activate (P2)
A4: execute (P3)
A5: manoeuvre (P4)
A6: psychomotor Judge (P5)
A7: psychomotor create (P6)
